{
  "greedy": {
    "avg": 3.109327952067057,
    "min": 0.0,
    "max": 16.10088348388672,
    "p95": 15.62206745147705
  },
  "dcbs": {
    "avg": 105.62667846679688,
    "min": 1.9998550415039062,
    "max": 1518.1236267089844,
    "p95": 468.7371253967269
  }
}