{
  "greedy": {
    "avg": 1.9638379414876301,
    "min": 0.0,
    "max": 12.566089630126953,
    "p95": 10.698890686035153
  },
  "dcbs": {
    "avg": 106.77906672159831,
    "min": 1.9996166229248047,
    "max": 1525.0296592712402,
    "p95": 472.59252071380456
  }
}