{
  "statistics": {
    "greedy": {
      "accuracy": 25.0,
      "correct": 5,
      "total": 20,
      "avg_time_ms": 2.1886706352233887,
      "std_time_ms": 3.65702956674917,
      "confidence_interval": [
        11.186005278940309,
        46.87050099580636
      ]
    },
    "dcbs": {
      "accuracy": 25.0,
      "correct": 5,
      "total": 20,
      "avg_time_ms": 17.763149738311768,
      "std_time_ms": 44.31444470029174,
      "confidence_interval": [
        11.186005278940309,
        46.87050099580636
      ]
    }
  },
  "config": {
    "model": "meta-llama/Llama-3.2-1B",
    "total_examples": 20,
    "methods": [
      "greedy",
      "dcbs"
    ],
    "include_cot": false
  },
  "timestamp": "2025-05-25 00:59:30.728524"
}