{
  "statistics": {
    "greedy": {
      "accuracy": 60.0,
      "correct": 6,
      "total": 10,
      "avg_time_ms": 3.054070472717285,
      "std_time_ms": 0.7205354460914447,
      "confidence_interval": [
        29.63581056573385,
        90.36418943426614
      ]
    },
    "top-p": {
      "accuracy": 50.0,
      "correct": 5,
      "total": 10,
      "avg_time_ms": 12.578845024108887,
      "std_time_ms": 1.9748205502769656,
      "confidence_interval": [
        19.00967893034988,
        80.99032106965012
      ]
    },
    "dcbs": {
      "accuracy": 60.0,
      "correct": 6,
      "total": 10,
      "avg_time_ms": 0.11034011840820312,
      "std_time_ms": 0.0402146208513866,
      "confidence_interval": [
        29.63581056573385,
        90.36418943426614
      ]
    },
    "random": {
      "accuracy": 50.0,
      "correct": 5,
      "total": 10,
      "avg_time_ms": 0.00762939453125,
      "std_time_ms": 0.0023090934777838233,
      "confidence_interval": [
        19.00967893034988,
        80.99032106965012
      ]
    }
  },
  "config": {
    "model": "meta-llama/Llama-3.2-1B-Instruct",
    "total_examples": 10,
    "methods": [
      "greedy",
      "top-p",
      "dcbs",
      "random"
    ],
    "include_cot": true
  },
  "timestamp": "2025-05-23 18:51:08.620079"
}